EastVehiclesArrivals,EastVehiclesDepartures,EastAverageSpeeds,EastVehicleNums,EastArrivalRates,EastDepartureRates,WestVehicleArrivals, WestVehiclesDepartures,WestAverageSpeeds,WestVehicleNums,WestArrivalRates,WestDepartureRates,EastAverageArrivalRate,EastAverageDepartureRate,EastAverageSpeed,EastAverageVehicleNumWestAverageArrivalRate,WestAverageDepartureRate,WestAverageSpeed,WestAverageVehicleNum
0.7502341,34.75494,70.19305,2,1.995586,0,1.462793,39.61153,0,0,0,0,1.052171,0.6136491,59.82525,41.61921,0.950647,0.5687964,59.75429,41.17218,
0.9807382,35.90124,65.86621,6,2.987133,0,2.636719,41.33169,71.95345,1,0.4978555,0
1.17795,37.66965,66.21661,6,1.994133,0,3.076614,42.84945,63.99439,2,0.6647111,0
1.279818,38.26382,64.1713,7,1.742074,0,3.148433,45.59938,62.61786,6,1.493206,0
1.640876,43.53589,64.8399,7,1.391097,0,3.866087,46.25236,60.67439,6,1.192369,0
1.834438,44.22049,64.68873,8,1.322752,0,3.899424,46.82727,60.96809,6,0.9920641,0
3.423665,44.32481,62.70147,9,1.276206,0,8.521792,49.10928,61.41527,6,0.850804,0
5.610085,46.52711,63.05454,9,1.115879,0,8.84706,50.1955,61.81408,6,0.7439193,0
6.064906,47.6709,63.49589,9,0.9924515,0,9.607517,50.88322,63.72113,8,0.8821791,0
10.02956,53.73466,65.37379,10,0.9920182,0,9.827008,52.63323,63.53757,10,0.9920182,0
10.46915,54.35642,65.10705,12,1.081593,0,10.53636,53.0123,63.12913,12,1.081593,0
10.92665,54.35642,64.89355,13,1.074446,0,10.97702,54.05788,60.08023,13,1.074446,0
11.36936,54.49261,64.41821,14,1.068488,0,11.41948,54.97292,60.42344,14,1.068488,0
12.38513,56.92091,64.5933,16,1.133829,0,12.09926,55.10558,60.49323,14,0.9921008,0
13.62814,57.09792,64.16174,17,1.124727,0,17.31721,58.76881,59.54081,14,0.926246,0
13.85554,57.23609,64.52516,17,1.054652,0,17.52228,59.26871,59.98079,14,0.8685373,0
14.1464,57.77464,64.03654,20,1.166948,0,17.65736,59.71327,60.54543,14,0.8168639,0
16.54697,59.40563,63.20181,22,1.211549,0,20.01906,61.25079,61.85614,17,0.9361968,0
16.77866,60.02566,61.44452,24,1.249951,0,22.20136,61.8688,61.86606,17,0.8853818,0
16.85869,60.6308,60.28236,25,1.234897,0,24.47158,63.08076,61.98284,18,0.8891256,0
17.24099,61.11832,60.72565,25,1.170394,0,24.73305,64.88139,61.91424,18,0.8426834,0
18.12508,62.91942,61.17404,26,1.159805,0,26.4001,68.509,61.99463,19,0.8475499,0
18.3535,64.13588,61.57908,26,1.106768,0,31.69327,68.81497,61.82804,19,0.808792,0
18.63156,64.27782,61.40096,27,1.096631,0,32.76249,69.32491,61.89798,20,0.8123192,0
19.43554,65.19815,61.74092,27,1.049944,0,33.28078,74.44275,62.65866,21,0.8166231,0
21.70293,68.81497,61.97461,27,1.008097,0,33.92318,74.79944,63.18672,22,0.8214124,0
24.09831,70.08389,61.60749,29,1.041611,0,35.90124,76.518,63.40069,22,0.7901878,0
27.14862,70.69528,61.85941,29,1.00429,0,37.10771,80.11781,63.75386,22,0.761875,0
27.14862,72.09401,61.69703,31,1.033985,0,38.85698,81.24024,64.05338,22,0.7337958,0
29.45477,72.22147,61.69576,31,0.998703,0,42.66557,82.1245,64.44028,22,0.708757,0
29.86606,72.5143,61.18129,33,1.029019,0,42.97107,82.67025,64.81277,23,0.717195,0
31.53723,74.44275,61.11385,35,1.056256,0,43.69763,84.49755,63.68626,24,0.7242899,0
31.53723,75.00324,60.89637,36,1.054327,0,44.07399,85.36579,64.29301,26,0.7614588,0
32.21117,75.19781,60.67405,36,1.048683,0.02834278,44.59797,85.51011,64.33115,26,0.7369123,0
32.21117,75.33855,60.62923,35,1.018307,0.05504365,44.8746,86.03806,64.51167,27,0.7430893,0
33.68013,78.27122,60.64722,37,1.043861,0.05353131,46.40824,87.92025,64.80823,28,0.7494383,0
34.61064,78.63534,60.22492,35,1.016239,0.1042297,46.40824,88.23408,64.72765,28,0.7296078,0
36.69817,78.63534,60.4631,35,0.987334,0.101265,46.9936,89.50378,64.81655,29,0.7341714,0
36.85005,79.65663,60.33788,38,1.036106,0.09867675,46.9936,91.55314,64.47978,28,0.7154064,0.02466919
39.61153,81.05665,60.63973,39,1.034796,0.09626006,47.40311,91.55314,64.43015,27,0.6978854,0.04813003
39.75758,82.81091,60.4481,40,1.031276,0.09375241,48.06676,91.97768,64.54394,27,0.6797049,0.0468762
40.11896,83.13252,60.01448,41,1.052689,0.1144227,49.73082,92.40657,63.89325,28,0.7094206,0.06865361
41.33169,83.70945,59.06079,42,1.094801,0.1564002,50.1955,94.07326,63.48941,31,0.7596579,0.06702864
42.24734,83.70945,58.18702,43,1.089982,0.1525974,50.31802,94.96931,62.54674,31,0.7629872,0.08719853
42.66557,86.36771,58.31192,43,1.085254,0.1702359,50.75079,95.4892,62.30178,31,0.7873413,0.127677
43.53589,86.93578,57.84935,43,1.081829,0.1872396,52.0135,97.56249,61.15784,34,0.832176,0.1248264
43.69763,89.50378,57.34937,46,1.119951,0.1832647,52.14471,98.0661,61.1842,35,0.8348727,0.1221765
44.47655,90.31696,57.36681,46,1.095716,0.179299,53.41029,100.5995,62.09119,35,0.8367285,0.1394547
44.59797,90.47943,57.44342,47,1.093577,0.1757535,55.10558,100.7796,61.07621,36,0.8787675,0.1757535
44.8746,92.81557,56.96378,49,1.108569,0.1720194,55.10558,100.9319,61.97329,38,0.8983234,0.1720194
46.1461,93.0318,56.48819,52,1.142102,0.1685069,55.10558,101.129,60.91144,36,0.8799803,0.2059528
47.12587,93.24223,56.45768,50,1.137769,0.2202134,55.39295,103.6443,60.50385,36,0.8808534,0.2202134
48.50485,94.96931,56.97978,50,1.133736,0.2339456,56.30431,103.8701,59.65849,38,0.9357826,0.2519414
48.68121,95.4892,57.7038,50,1.113099,0.2296871,56.46642,104.2975,58.61451,40,0.9540849,0.2473553
48.81454,96.62887,57.99335,47,1.090444,0.2769381,57.55975,105.4371,58.99936,41,0.9519749,0.2423209
51.05191,98.3968,58.2654,47,1.085808,0.2884178,58.11417,107.3634,57.16961,42,0.9670479,0.2544863
51.84597,98.54923,58.40874,48,1.09953,0.2998718,58.62108,107.5564,55.4377,41,0.9662535,0.2832122
51.84597,99.1887,58.17373,47,1.096234,0.3272341,59.57979,108.3785,55.20905,42,0.9653407,0.278149
52.45802,99.84801,58.04092,46,1.076973,0.3375587,60.02566,109.7487,55.75404,41,0.9644535,0.3054103
52.77053,102.4517,58.13538,45,1.059048,0.3477472,61.42457,109.9391,56.49995,40,0.9484015,0.3161339
53.22169,102.5913,58.0513,45,1.057908,0.3578217,63.26434,111.0517,56.6516,41,0.9490054,0.3111493
53.88109,104.0786,57.88544,45,1.07048,0.3823141,64.45018,113.0071,57.68283,42,0.9634317,0.3211439
55.26871,106.1969,58.15978,46,1.068265,0.3761497,65.19815,114.0968,57.29299,43,0.9629431,0.3159657
58.11417,106.3839,58.4913,47,1.065302,0.3698967,66.12457,114.2914,57.60892,44,0.9617314,0.3107132
59.40563,106.3839,58.46502,47,1.048293,0.3639906,67.40482,115.2859,57.44839,44,0.9609351,0.3203117
59.88681,106.5154,58.3578,46,1.031779,0.3725869,68.509,116.2497,57.69559,42,0.9457975,0.3439264
60.9374,108.9203,58.53875,44,1.015714,0.3949998,69.95618,117.1096,58.21342,45,0.9733923,0.3385713
63.39599,109.2598,58.96341,46,1.028775,0.3892661,70.37386,117.6499,58.10236,45,0.959263,0.3336567
65.19815,109.4023,59.20181,43,1.012063,0.4239722,70.69528,118.687,57.7837,47,0.9710332,0.3282366
65.19815,111.0517,59.40769,46,1.037048,0.4175126,72.22147,120.28,57.96104,49,0.9831749,0.3232356
65.90547,111.3898,58.82335,43,1.022053,0.4512962,72.38166,120.815,58.0063,49,0.9955063,0.3451089
67.0933,111.7385,58.74015,43,1.019368,0.4574087,73.28642,120.815,57.21835,49,0.9801615,0.3397893
70.88612,113.8924,58.85208,45,1.030685,0.4509248,73.63165,123.2285,57.41179,49,0.979151,0.3478563
71.62089,114.0968,58.86509,44,1.017354,0.4578094,75.19781,123.2285,57.25463,51,0.9919205,0.3433571
73.118,116.6721,58.0509,44,1.029418,0.4770475,75.19781,123.7311,57.73592,53,1.004311,0.3389548
73.28642,117.9895,58.22161,43,1.015479,0.4829717,76.65143,123.7311,56.69389,53,1.003095,0.3467489
73.28642,119.0046,57.59071,44,1.025418,0.4882941,77.76452,125.8767,56.62903,53,1.001003,0.3540132
75.66518,119.967,57.66111,43,1.012057,0.4939801,78.08443,126.1945,57.15361,53,1.012057,0.3734971
76.65143,121.2173,55.86069,44,1.046753,0.5233766,78.97538,126.1945,57.35776,53,0.9991735,0.3687426
77.21931,121.2173,55.95361,45,1.044788,0.5165246,79.46999,127.5679,57.42578,52,0.9860924,0.3756543
78.97538,123.4025,56.28477,45,1.030478,0.5094497,80.43845,128.5279,56.71945,50,0.9841641,0.4052441
79.1379,125.4745,56.12968,43,1.018617,0.5264762,81.05665,129.2164,56.7894,53,1.007172,0.4005797
81.38039,126.1945,56.52929,43,1.006621,0.5202762,82.67025,129.5429,56.01781,51,0.995311,0.418483
81.38039,126.5111,56.95478,44,1.005544,0.5139447,82.81091,130.0685,56.48111,52,0.9943714,0.4133903
82.99931,128.3801,56.7269,42,1.003302,0.5402393,85.18472,131.2756,55.66891,55,1.025352,0.4189611
82.99931,129.8768,57.11282,42,0.9916419,0.533961,86.36771,132.3637,55.18258,53,1.013436,0.4358865
83.3296,131.0862,57.35634,44,1.001987,0.5279287,86.71391,132.667,55.75014,52,1.012761,0.4525103
83.90716,131.2756,57.44446,43,1.012033,0.5539549,87.16225,134.1528,56.28438,52,1.00138,0.4474251
84.6936,132.3637,57.78647,44,1.010853,0.5475453,89.07256,134.7171,56.56842,52,1.000323,0.4527779
88.41458,132.667,57.62055,43,1.008973,0.5616966,89.71361,134.9112,55.4959,51,0.9985717,0.4680805
90.47943,134.9112,57.58988,43,1.0079,0.5656582,89.91758,135.2643,56.03406,51,0.9873307,0.4628113
92.60881,135.2643,57.52984,44,1.00613,0.5589613,90.11841,137.4033,56.29388,50,0.9858044,0.4776578
92.60881,135.7963,57.16688,42,1.005968,0.5834617,90.31696,137.7181,56.74806,50,0.9757894,0.4728051
93.24223,135.9341,57.51005,43,1.015369,0.5873211,92.40657,138.0469,57.18178,50,0.9655957,0.4678659
93.66296,139.0925,57.08828,44,1.015092,0.5814604,93.87046,140.3841,56.76175,47,0.9658155,0.5026183
94.31453,139.2824,57.37486,44,1.013731,0.5848446,95.15824,140.3841,57.24316,48,0.9649937,0.4971179
95.63084,140.3841,57.01052,44,1.01308,0.5885515,97.87244,142.5369,58.20623,50,0.9744869,0.4920677
97.03121,142.4087,57.4392,44,1.012042,0.5919492,101.129,142.8699,57.7239,49,0.9833995,0.5155687
97.23186,144.0338,58.10688,44,1.001104,0.5855513,102.2581,143.8424,57.58812,49,0.982215,0.5194407
98.75816,145.6339,58.56343,41,0.9997515,0.6166692,103.429,144.8219,58.12878,49,0.9717211,0.513891
99.84801,145.7778,59.0928,42,0.9996813,0.6109163,103.429,145.7778,58.46939,49,0.9811687,0.5276096
100.258,146.4072,59.22691,41,0.990154,0.6142622,103.6443,145.9527,58.56795,48,0.9718179,0.5317494
100.9319,147.0406,59.3255,39,0.9810377,0.6267741,104.521,146.4072,58.58857,50,0.9992051,0.5450209
101.797,148.5917,59.30478,40,0.9887985,0.6292354,104.9433,148.1445,58.51191,49,0.9887985,0.5483337
102.7784,149.0852,58.79188,39,0.9877418,0.6406974,107.1571,149.2196,58.72776,52,1.005539,0.5428131
103.6443,149.764,59.30981,42,1.005211,0.6348704,107.8843,149.5448,58.68859,51,0.9963937,0.5466939
106.5154,149.9764,59.24307,42,1.013582,0.6465954,109.0739,151.0396,58.82199,50,0.9961064,0.5592176
107.3634,151.1777,59.15627,44,1.021764,0.6407672,109.2598,152.953,59.06777,51,1.004446,0.562836
110.0875,152.1601,58.67469,45,1.019953,0.6342564,109.4023,154.0152,58.70657,51,1.002811,0.5656882
110.7366,153.0833,58.90004,44,1.009835,0.6364506,109.4023,154.3327,58.86213,52,1.018321,0.5770485
111.3898,153.6917,58.97274,44,1.009504,0.6393526,111.2461,155.1867,58.15975,51,1.009504,0.5804648
112.5965,154.7696,59.35663,44,1.008611,0.6418434,111.5861,155.539,58.50462,51,1.000275,0.5751584
112.8056,157.1431,59.39135,44,1.008075,0.6445072,112.0614,156.2776,58.59958,49,0.9998124,0.5949297
112.8056,157.1431,59.14685,43,1.00668,0.6547509,114.0968,157.1431,58.6393,50,0.9984952,0.5892758
113.8924,158.2872,59.23352,44,1.006261,0.6492006,114.6464,158.6451,59.00159,50,0.9900309,0.5842806
114.2914,158.3918,59.06071,44,1.004796,0.6511075,114.8606,159.5401,59.20604,47,0.9887189,0.6109157
115.0777,161.114,59.0722,45,1.004188,0.6455493,115.9074,161.9359,59.78852,47,0.9802786,0.6057006
115.2859,161.114,58.98866,43,0.99596,0.6560689,116.8909,162.8734,59.65815,46,0.9880555,0.6244511
115.6943,162.0793,59.10792,43,0.9955485,0.658473,117.5065,163.6486,59.98552,46,0.9798706,0.6192782
118.179,162.5604,59.1621,44,1.002215,0.6603743,117.6499,164.7086,60.39549,44,0.9711386,0.6292979
119.2123,164.8753,59.22472,45,1.002145,0.6552489,119.967,164.8753,60.79372,44,0.979019,0.6398313
120.28,165.923,59.23391,46,1.009614,0.6577788,121.2173,167.0539,60.60617,45,0.9866682,0.6424816
121.6833,166.7027,58.76487,46,1.016408,0.667492,123.7311,167.3928,60.42445,45,0.9860678,0.6447366
123.0922,168.1718,58.91388,44,1.007685,0.6768031,125.6837,168.6087,60.13847,45,0.9926445,0.654243
123.4025,168.7798,59.03925,46,1.01377,0.670877,125.6837,169.9992,60.60129,45,0.9839529,0.6485144
125.3496,168.7798,58.49203,47,1.020225,0.6727567,128.7149,170.5519,60.62931,42,0.9758669,0.6653638
127.2539,170.7312,57.36459,46,1.026269,0.6890663,129.4052,171.026,60.74493,43,0.982286,0.6670748
127.5679,170.8649,57.80334,46,1.017933,0.6834697,129.7217,171.145,59.91245,45,0.9961207,0.6689277
128.2047,171.145,57.06456,49,1.031791,0.6782402,130.2081,173.8364,59.83805,44,0.9957144,0.6782402
129.2164,173.1857,56.89651,48,1.031275,0.6875168,131.4188,174.1759,59.33689,44,0.9883054,0.6731935
129.8768,173.6197,56.53236,48,1.030614,0.6894451,132.667,177.5084,59.40967,42,0.9808601,0.6823374
130.0685,173.6197,57.0874,48,1.022477,0.6840016,132.7994,179.5489,59.64783,42,0.9731156,0.67695
131.2756,175.8633,56.55351,48,1.021909,0.6859386,135.2643,179.9958,59.77061,41,0.9659135,0.6789392
131.2756,176.2966,57.20061,49,1.020594,0.680396,135.9341,180.188,60.05284,40,0.9650515,0.6873388
133.6075,176.9033,57.58094,48,1.013547,0.6825931,136.721,180.326,60.22118,42,0.979073,0.689488
133.7362,178.4464,57.97238,46,1.00623,0.6913551,137.0583,183.5295,60.04116,40,0.9720042,0.6982002
134.3771,179.5489,58.78862,46,1.012139,0.6996666,137.4033,185.6724,59.87156,44,0.9985532,0.6996666
134.9112,179.6787,59.61635,47,1.011606,0.694636,138.394,185.9703,57.81623,44,0.9981179,0.7013801
135.6101,180.6459,59.86395,47,1.017364,0.7027843,143.0612,186.4457,58.1611,43,0.9905912,0.7027843
135.6101,181.4275,59.35376,47,1.022967,0.7107629,144.1831,188.5991,58.31303,42,0.9831113,0.7041203
137.5335,182.4281,58.70893,48,1.028285,0.7118898,144.3602,188.9185,58.67069,42,0.9821442,0.7052982
138.394,183.1896,58.76779,47,1.021127,0.7134801,144.4978,189.2329,58.88205,43,0.9818533,0.7003887
138.394,184.0395,58.5892,46,1.020277,0.7213426,146.0899,191.7644,59.04374,42,0.9747874,0.7018469
139.0925,185.0305,58.62126,46,1.019547,0.7227172,146.0899,192.8278,59.60097,41,0.9743776,0.7098115
139.8385,185.847,58.74868,48,1.02473,0.7173107,146.0899,193.1318,59.66711,40,0.9734932,0.7173107
142.1159,186.4457,58.80237,49,1.024544,0.712726,146.9061,194.3319,59.59333,39,0.967271,0.7190896
143.0612,187.1907,58.27466,48,1.023456,0.7202097,147.0406,195.5913,59.61147,40,0.9729149,0.7202097
146.5888,190.1092,57.82352,47,1.022505,0.7276726,147.3568,196.2336,59.05378,40,0.9723212,0.7213995
146.9061,191.0349,57.83688,48,1.021858,0.7227776,150.7227,197.1906,58.93962,41,0.978242,0.7227776
147.8482,191.4538,57.82648,47,1.020875,0.7300804,152.0235,197.1906,59.00471,42,0.9775653,0.7177061
148.454,192.8278,57.25077,48,1.032605,0.7375748,154.5485,198.7155,58.95781,42,0.9772866,0.7191355
148.454,193.8563,57.14454,50,1.03773,0.7325152,155.1867,199.7608,58.91529,40,0.9705827,0.7264109
149.764,195.918,56.61633,53,1.049278,0.7278228,157.6031,199.8956,59.04263,39,0.9643652,0.7278228
150.2009,196.4167,55.6553,53,1.048679,0.7292538,157.7727,200.2355,59.43348,40,0.9703295,0.7292538
150.7227,198.5697,56.0916,52,1.047566,0.7362892,158.8086,201.254,59.69638,40,0.9637607,0.724317
151.5173,199.5797,56.07986,53,1.046549,0.7313951,159.5401,202.8315,59.88555,38,0.9573545,0.7313951
153.0833,200.4329,56.28057,51,1.045214,0.7440507,160.3629,202.8315,60.69627,38,0.9566367,0.7322404
153.8797,201.7352,57.32989,51,1.038734,0.7394381,161.114,203.0416,60.96531,37,0.9507061,0.7335696
155.539,201.8779,57.36895,49,1.038221,0.7524185,161.7587,204.6351,60.46213,35,0.9507303,0.7465858
155.7393,202.1981,57.88578,51,1.043497,0.7478393,165.3885,205.9709,60.65161,35,0.9449443,0.7420421
156.7934,203.2394,58.39159,50,1.036749,0.7487631,165.3885,206.6058,60.93709,35,0.9388338,0.7372437
157.284,204.0072,58.50999,48,1.030659,0.7558166,168.3043,207.27,60.67795,33,0.933319,0.7443649
158.9297,204.2098,59.04195,48,1.024524,0.7513177,170.5519,211.6125,60.74764,35,0.9391471,0.7399341
159.8621,204.6351,58.90353,49,1.035183,0.7580031,174.7713,213.211,61.14507,36,0.9390188,0.7353762
160.8057,207.0668,59.04696,50,1.040467,0.7592599,175.3802,214.5233,61.11978,36,0.9392326,0.7367633
162.0793,207.4669,59.09332,49,1.033849,0.7600185,175.6913,214.664,61.16059,37,0.9388463,0.7320766
162.3865,208.5837,58.67293,48,1.033358,0.7666846,177.0762,217.54,61.09452,36,0.9333552,0.7333505
162.5604,210.0977,58.94264,48,1.03244,0.7674289,178.6263,217.675,60.93036,35,0.9385821,0.7453446
163.3368,210.2971,58.72432,48,1.032231,0.7686824,180.326,218.2986,61.07538,35,0.9334,0.7412295
163.6486,211.2166,58.487,47,1.026259,0.7696944,180.8228,220.0242,61.46003,36,0.9334592,0.7369415
163.8191,211.7571,58.42924,46,1.025238,0.7757093,183.016,220.1507,61.31277,35,0.9275964,0.7377375
164.7086,212.8962,58.43527,45,1.019652,0.7768779,184.4731,222.5905,61.26202,36,0.9279375,0.733718
164.7086,213.3561,58.18582,46,1.024427,0.7777064,185.3573,223.6723,61.59155,37,0.9386112,0.740162
165.0289,214.0166,57.88271,45,1.024133,0.784102,185.9703,225.8723,62.37395,37,0.9387888,0.7414298
166.5627,215.5126,57.81395,45,1.018032,0.7794311,186.2738,226.9124,62.71408,38,0.9384987,0.7370131
167.0539,216.0612,57.78717,45,1.012207,0.7749711,187.0577,227.8416,62.83867,35,0.9331285,0.7486115
168.4747,216.4247,57.87607,45,1.01122,0.775443,187.4756,229.7542,63.27995,38,0.9431063,0.7440061
170.8649,217.9902,57.86212,45,1.0154,0.7810772,189.985,229.9379,63.34933,38,0.9424998,0.7446269
171.7408,218.1557,57.78473,45,1.014851,0.7818494,190.4431,230.2436,63.0255,39,0.9475394,0.7456048
171.9133,218.6119,57.82975,46,1.019572,0.7827017,190.6542,230.9854,62.1125,40,0.9526303,0.7466562
175.6913,220.1507,57.68814,48,1.024284,0.7784555,191.173,232.8272,61.96748,41,0.9577051,0.747727
176.2966,220.1507,57.88557,50,1.033517,0.7789561,192.0425,233.3484,61.70288,42,0.9673311,0.7535
176.6086,220.6356,57.48312,50,1.032989,0.7798056,192.8278,235.7447,60.37055,41,0.9671615,0.7595509
176.9033,221.9637,56.88208,53,1.042455,0.7755464,193.3333,235.939,60.74437,42,0.966915,0.7554023
177.2119,223.1988,56.61677,53,1.04219,0.7766322,193.5284,236.2875,61.48541,43,0.9720429,0.7565901
178.943,223.6723,55.63831,54,1.051902,0.7826952,194.3319,238.4155,60.75346,41,0.9721373,0.7677392
180.6459,223.9966,55.64978,56,1.05584,0.7782481,194.5112,239.3647,59.23127,43,0.9814848,0.768334
181.1243,224.6176,55.72714,54,1.055063,0.7888323,195.5913,239.6795,59.68303,45,0.9860404,0.7641813
183.5295,226.2388,55.67167,54,1.053885,0.789188,196.0968,240.4995,59.05428,43,0.9852595,0.7744826
185.3573,227.5272,55.64735,52,1.053281,0.7997137,196.0968,241.9346,57.85954,44,0.9898895,0.7753322
185.6724,227.5272,56.07462,53,1.052438,0.7953909,196.7397,241.9346,57.99365,43,0.9845387,0.7759911
187.1907,230.9854,56.5768,52,1.046944,0.7960631,197.4851,242.9528,58.83267,42,0.9793989,0.7767646
189.8106,232.3694,57.06623,53,1.050685,0.7964098,198.5697,244.5408,59.59658,41,0.9739229,0.7772192
191.173,233.1685,57.75838,52,1.045647,0.7973657,199.4379,244.7302,60.39231,41,0.9692529,0.7734925
191.7644,233.4934,57.97977,50,1.040512,0.8029523,199.7608,244.8669,61.47276,43,0.9739954,0.769694
193.0052,234.1799,58.91248,50,1.039636,0.8033551,200.5889,246.6921,61.25357,43,0.9687518,0.7655502
193.3333,235.7447,59.10097,51,1.043651,0.8038936,200.769,247.4768,61.56036,42,0.9637321,0.7662846
193.3333,236.6335,58.80791,50,1.042654,0.8088747,201.254,247.7906,61.79986,43,0.9678443,0.7667945
194.5112,236.8374,59.0402,50,1.041917,0.8093462,202.1981,249.0191,61.44909,41,0.9628429,0.7721349
194.8082,237.9719,59.48811,49,1.036743,0.8099557,202.511,249.8081,61.77856,41,0.9580618,0.7683008
195.2584,239.0503,59.73149,48,1.035782,0.8148148,203.7938,250.7792,62.27477,42,0.9575225,0.7641766
195.4426,239.3647,59.92599,47,1.035279,0.8199777,204.2098,251.2905,62.08633,40,0.9528233,0.7695881
196.2336,240.8518,60.47409,48,1.039157,0.8203875,204.8582,252.0542,62.17191,39,0.9480033,0.7702526
197.3667,241.0561,60.62677,46,1.034207,0.8255514,209.7774,252.9385,61.823,37,0.9434873,0.7756554
197.8402,242.3583,60.77731,46,1.03398,0.8262812,210.2971,254.2091,62.45303,40,0.9527068,0.7720988
198.0266,242.6411,61.05867,45,1.028795,0.8266301,213.211,255.5024,62.79792,42,0.9569142,0.7682269
198.1511,243.4535,60.78619,46,1.032761,0.827103,213.3561,256.7945,62.57884,42,0.9567569,0.7689822
198.7155,244.2393,60.57747,43,1.027582,0.8363002,216.4247,257.2087,62.61571,43,0.9608555,0.7695741
199.5797,245.1889,60.73582,46,1.035983,0.8323286,220.4587,257.9309,62.70383,43,0.9562924,0.7659193
199.7608,246.3168,60.757,47,1.040049,0.8329204,221.3333,261.2556,62.49517,43,0.9563161,0.7668157
200.2355,246.4939,60.62882,46,1.039376,0.8376408,221.3333,261.584,62.3629,41,0.9516652,0.7718574
200.769,248.4059,60.20087,49,1.047453,0.8335978,221.9637,261.7863,62.70602,42,0.9514363,0.768132
201.254,248.7131,59.92058,50,1.046718,0.8295563,221.9637,262.7021,62.93542,42,0.9555098,0.7730943
202.511,249.1927,59.67404,50,1.045677,0.8296283,222.8896,264.4698,62.5596,40,0.9506158,0.7777765
203.5935,249.493,59.77753,49,1.040834,0.830087,223.6723,265.4297,62.76641,40,0.9462131,0.7741744
204.417,251.6045,59.16242,50,1.048393,0.8344355,224.4851,266.048,62.68387,40,0.9499727,0.7788064
205.5041,252.5083,59.23766,50,1.047721,0.8347695,226.0568,266.252,62.74051,40,0.9455043,0.7751431
207.27,252.9385,59.45837,49,1.042642,0.8349614,228.0214,269.8228,62.88449,41,0.9493977,0.7756241
208.2444,253.2601,59.55349,48,1.042063,0.8395567,229.7542,270.4631,62.76395,40,0.9492475,0.7804924
211.4198,253.8862,59.25259,49,1.045739,0.8399508,229.9379,272.1256,62.98417,42,0.9533442,0.7769545
211.7571,254.8424,59.60081,48,1.040875,0.8402244,232.8272,274.3694,63.03767,43,0.9572706,0.7775211
211.9403,257.588,60.09753,48,1.040262,0.8405321,233.4934,275.0994,62.9904,41,0.9528804,0.7822773
213.3561,258.1222,60.29918,46,1.035222,0.8447409,234.9796,277.1453,62.9136,41,0.952404,0.7826276
213.8774,258.2593,60.42389,45,1.030824,0.8452758,235.6144,278.6559,62.86179,40,0.9524815,0.7875496
216.2079,258.9167,60.32175,43,1.026288,0.8497669,236.2875,279.1431,62.64519,41,0.9565008,0.7881895
217.675,260.8338,60.29774,44,1.029706,0.8499157,237.1632,280.4846,62.67032,40,0.952069,0.7886237
218.2986,261.0536,60.53291,43,1.024773,0.8499107,237.1632,281.4417,62.58236,40,0.9556412,0.7929789
218.6119,261.9914,60.5675,41,1.020076,0.8541113,238.4155,281.7537,62.33947,41,0.9593573,0.7933925
220.7692,262.8379,61.06835,41,1.015744,0.8504837,238.9138,282.8477,62.08706,39,0.9552827,0.7980843
222.5905,264.6364,61.51445,41,1.019292,0.8547602,240.324,283.8459,62.4349,40,0.9590971,0.7985787
222.8896,266.4686,61.097,41,1.02296,0.8591265,242.3583,283.8459,62.46841,40,0.959025,0.7991874
224.7997,267.1325,61.31945,42,1.022721,0.8555836,242.9528,285.3484,62.09021,39,0.9550701,0.7998711
225.1233,267.3546,61.54432,42,1.0224,0.855963,243.4535,287.2776,62.21716,39,0.9589956,0.8044467
225.5697,267.5656,61.76495,40,1.021925,0.8640986,244.8669,288.8736,61.36261,40,0.96274,0.8049138
226.2388,270.2554,61.52635,43,1.033293,0.8643517,245.4945,289.0184,61.30883,39,0.9586447,0.8054187
226.4373,270.6533,60.714,44,1.036455,0.8643645,245.9082,289.7844,61.39549,38,0.954321,0.8056973
227.8416,271.3185,60.55166,45,1.035848,0.8606102,246.3168,290.119,61.78766,41,0.9618585,0.8021978
228.1572,271.4622,60.71284,44,1.031284,0.8606956,248.8875,293.476,61.43881,42,0.9692518,0.8064175
228.1572,273.7406,60.42222,44,1.038158,0.8683478,249.0191,293.476,60.62582,43,0.9725496,0.8065986
228.4823,274.3694,60.95369,44,1.033742,0.8646539,250.115,293.7429,60.36156,44,0.9722553,0.8031674
229.441,274.5347,60.73182,44,1.037299,0.868881,251.2905,295.4498,60.51557,44,0.9684005,0.799983
230.5536,275.0994,60.53818,45,1.040451,0.8689482,252.2211,296.1074,60.13664,41,0.9642277,0.8079694
232.5058,277.3328,60.19215,46,1.043694,0.8691125,252.3474,296.6315,60.51474,42,0.967789,0.8083885
232.5058,277.662,60.30965,47,1.042941,0.8653384,252.5083,297.5663,60.36759,42,0.9673652,0.8086569
232.6859,277.662,59.64481,47,1.042754,0.8658249,255.6792,298.2697,60.14597,42,0.9674653,0.8093581
234.6602,278.3031,59.82471,46,1.038732,0.8662351,255.8253,298.471,59.85497,42,0.9712334,0.8137361
236.2875,280.2415,59.84035,43,1.034502,0.8739111,256.0381,298.6901,59.34237,43,0.9710124,0.8104219
237.0299,280.4846,59.66412,44,1.034014,0.8703568,257.3932,300.8907,59.58201,44,0.9707826,0.8071257
237.0299,280.6957,59.99452,45,1.033176,0.8665347,257.3932,301.3198,59.82113,45,0.9739258,0.8072845
239.8627,283.169,60.02887,44,1.032677,0.8703991,257.588,302.4486,59.55191,46,0.9773549,0.8077009
244.2393,283.3632,60.60843,42,1.028211,0.873979,257.9309,303.6508,59.62765,46,0.9768001,0.8078797
244.5408,286.9054,61.1718,42,1.024039,0.870433,258.5783,304.1079,59.86136,48,0.9801515,0.804602
248.4059,287.6891,61.13427,41,1.02355,0.8742064,259.2592,304.1079,59.6975,47,0.9761971,0.8049983
248.7131,287.6891,61.72896,40,1.022895,0.8778033,262.5286,305.2885,59.78171,48,0.9793673,0.8052575
249.493,289.0184,62.21549,41,1.022378,0.8742601,262.8379,306.4063,59.8195,49,0.9790267,0.8020071
249.9503,289.7844,61.83381,39,1.022295,0.8819097,264.4698,306.8323,59.4938,49,0.9790998,0.8027178
250.2542,292.8045,62.05229,39,1.022164,0.8822888,264.6364,308.584,59.38135,49,0.9791253,0.8033849
251.6045,293.0205,62.33055,40,1.021375,0.8785253,265.8444,308.901,59.76131,50,0.9820912,0.8035292
252.5083,293.248,61.88258,37,1.017402,0.88578,265.8444,309.2147,60.01265,50,0.9818284,0.8039609
253.5795,293.248,62.23505,38,1.016672,0.8820602,266.9226,311.1384,59.58046,51,0.9883325,0.8076695
253.5795,296.1074,62.16005,38,1.016363,0.8822599,268.2409,311.6818,60.05935,51,0.988131,0.8081501
253.7533,296.1074,62.16509,37,1.012696,0.8825927,269.4988,311.6818,59.1667,50,0.9880819,0.8122666
254.0672,298.0523,62.45447,38,1.011954,0.8788941,269.8228,312.5158,58.4935,50,0.9874427,0.8123642
254.7002,300.2388,62.50074,39,1.011292,0.8752903,270.4631,314.877,59.03528,51,0.9868811,0.8090333
255.3604,302.0064,62.22607,39,1.01777,0.8822986,270.4631,315.2419,59.2681,51,0.9865071,0.8093526
255.6792,302.4486,62.52409,39,1.013776,0.8788368,271.7798,315.3892,59.5576,52,0.9895564,0.809637
258.2593,302.6781,62.44605,40,1.020271,0.8823966,272.794,315.5912,58.92184,52,0.9926962,0.8134593
258.4406,303.107,62.64067,42,1.023046,0.8788586,272.794,318.0848,59.1063,53,0.995582,0.8136308
258.7636,305.4263,62.12398,43,1.022824,0.8757288,274.681,318.5671,58.85863,54,0.9954574,0.8107333
260.8338,305.6077,60.99054,40,1.02223,0.8859326,275.3005,318.989,57.78158,57,1.001785,0.8075616
260.8338,305.7557,61.56517,41,1.021626,0.8824677,276.1515,319.4423,57.76073,56,1.004655,0.8145856
261.2556,305.9797,61.91655,41,1.018134,0.8794509,277.3328,321.4748,57.37479,56,1.004604,0.8151833
261.584,308.0889,61.62893,39,1.014194,0.8827866,277.8062,322.1545,57.01738,57,1.010824,0.8187677
262.7021,308.584,61.93917,40,1.01403,0.8797209,279.3142,322.6318,55.14679,58,1.01403,0.8192821
263.3436,308.7667,61.98489,39,1.010354,0.8798782,279.8058,322.6318,55.12418,55,1.010354,0.8263494
263.4872,309.2147,61.83278,41,1.013255,0.8765987,280.9,325.363,56.427,56,1.009922,0.8232695
264.7786,311.3307,62.10741,41,1.012917,0.8767547,281.1082,325.6343,56.13047,56,1.009596,0.8236181
267.7618,311.6818,61.60052,41,1.012498,0.8768367,281.1082,325.9075,56.66265,55,1.005881,0.8238956
269.6817,312.0215,61.82021,39,1.01219,0.8836055,281.6191,327.9861,56.75983,55,1.005596,0.8242589
270.2554,313.347,62.35622,39,1.008445,0.8803366,283.169,327.9861,56.9953,52,1.001876,0.8310641
274.3694,314.2253,62.9865,39,1.007828,0.8802134,284.1829,328.4809,57.60785,52,1.001284,0.8311309
275.0994,316.7719,62.9565,37,1.00778,0.8871077,285.0336,,58.1764,52,1.001258,0.8316634
275.6882,317.8512,63.64938,37,1.004312,0.8840544,286.5751,,58.23003,52,1.001062,0.8320512
277.3328,318.3232,63.63035,35,1.000756,0.8874014,286.9054,,58.86418,53,1.003994,0.8323436
277.8062,318.3232,63.73187,34,1.000488,0.8907571,288.2312,,58.55866,52,1.003716,0.8358917
279.6436,321.1195,64.17289,34,0.9968335,0.8875033,288.3788,,57.90792,56,1.012911,0.8328383
281.1082,321.4748,64.0313,34,0.999931,0.8909641,289.0184,,57.58528,55,1.015955,0.8396856
282.7037,323.4171,64.00066,34,0.999556,0.890978,289.2315,,57.1002,55,1.015523,0.8398825
285.0336,323.6466,64.41236,34,0.9992828,0.8910803,290.6338,,56.27713,58,1.02156,0.836979
286.234,324.8499,64.36496,34,0.9992328,0.8913791,290.9633,,56.20481,58,1.021438,0.8374522
286.762,325.9075,64.09706,34,0.9959828,0.8884798,291.6162,,56.09208,57,1.024439,0.844214
286.9054,327.9861,63.89537,35,0.9990269,0.8887242,292.5714,,56.21049,57,1.021087,0.8414516
287.1016,328.4809,63.9863,34,0.9958433,0.8890336,292.8045,,56.73506,56,1.017833,0.8419117
289.0184,,64.19899,33,0.9954849,0.8921799,293.0205,,56.65573,56,1.020529,0.8452231
289.6322,,64.12885,37,1.00448,0.8890579,293.9804,,56.98341,55,1.016958,0.845385
289.7844,,63.7516,35,1.001044,0.8922349,294.4145,,57.32304,56,1.019697,0.8456025
290.7799,,64.10087,36,1.000242,0.8887603,294.6284,,56.85646,55,1.021919,0.8515996
291.1032,,63.97591,36,1.0026,0.8915431,295.639,,57.23166,58,1.02728,0.8483542
292.1152,,63.65864,36,1.001958,0.8913121,295.9704,,56.07716,61,1.032693,0.8452098
292.8045,,63.0499,37,1.004384,0.891085,296.4484,,54.67536,59,1.031944,0.8512771
294.2023,,62.63631,38,1.004048,0.8880792,296.7875,,55.12272,61,1.034566,0.8484055
296.7875,,61.6085,38,1.009966,0.8943678,297.3281,,54.73817,58,1.034303,0.857863
